,date,new_cases_rolling7,new_deaths_rolling7,full_vac_rolling7,resident_gg_rolling7,new_cases,new_deaths,full_vac,resident_gg
0,2021-01-01,1253.0,0.0,0.0,7.0,279,0,0,14
1,2021-01-02,1359.0,0.0,0.0,7.571428571428571,216,0,0,8
2,2021-01-03,1553.0,0.0,0.0,7.714285714285714,315,0,0,4
3,2021-01-04,1656.0,0.0,0.0,8.0,247,0,0,7
4,2021-01-05,1748.0,0.0,0.0,8.285714285714286,247,0,0,8
5,2021-01-06,1863.0,0.0,0.0,8.571428571428571,365,0,0,8
6,2021-01-07,1974.0,0.0,0.0,8.142857142857142,305,0,0,8
7,2021-01-08,1900.0,0.0,0.0,7.428571428571429,205,0,0,9
8,2021-01-09,1896.0,0.0,0.0,7.285714285714286,212,0,0,7
9,2021-01-10,1826.0,0.0,0.0,7.857142857142857,245,0,0,8
10,2021-01-11,1828.0,0.0,0.0,8.0,249,0,0,8
11,2021-01-12,1868.0,0.0,0.0,8.0,287,0,0,8
12,2021-01-13,1660.0,0.0,0.0,7.857142857142857,157,0,0,7
13,2021-01-14,1626.0,0.0,0.0,7.714285714285714,271,0,0,7
14,2021-01-15,1609.0,0.0,0.0,7.571428571428571,188,0,0,8
15,2021-01-16,1627.0,0.0,0.0,7.428571428571429,230,0,0,6
16,2021-01-17,1756.0,0.0,0.0,7.142857142857143,374,0,0,6
17,2021-01-18,1876.0,0.0,0.0,6.857142857142857,369,0,0,6
18,2021-01-19,1760.0,0.0,0.0,6.571428571428571,171,0,0,6
19,2021-01-20,1662.0,0.0,0.0,6.428571428571429,59,0,0,6
20,2021-01-21,1533.0,0.0,0.0,6.428571428571429,142,0,0,7
21,2021-01-22,1654.0,0.0,0.0,6.285714285714286,309,0,0,7
22,2021-01-23,1622.0,0.0,0.0,6.142857142857143,198,0,0,5
23,2021-01-24,1446.0,0.0,0.0,6.0,198,0,0,5
24,2021-01-25,1264.0,0.0,0.0,5.857142857142857,187,0,0,5
25,2021-01-26,2052.0,0.0,0.0,5.714285714285714,959,0,0,5
26,2021-01-27,2812.0,0.0,0.0,5.571428571428571,819,0,0,5
27,2021-01-28,3426.0,0.0,0.0,5.285714285714286,756,0,0,5
28,2021-01-29,3919.0,0.0,0.0,4.857142857142857,802,0,0,4
29,2021-01-30,4651.0,0.0,0.0,4.428571428571429,930,0,0,2
30,2021-01-31,5282.0,0.0,0.0,3.857142857142857,829,0,0,1
31,2021-02-01,5931.0,0.0,0.0,3.142857142857143,836,0,0,0
32,2021-02-02,5808.0,0.0,0.0,2.4285714285714284,836,0,0,0
33,2021-02-03,5784.0,0.0,0.0,1.8571428571428572,795,0,0,1
34,2021-02-04,5837.0,0.0,0.0,1.2857142857142858,809,0,0,1
35,2021-02-05,5621.0,0.0,0.0,0.8571428571428571,586,0,0,1
36,2021-02-06,5181.0,0.0,0.0,0.7142857142857143,490,0,0,1
37,2021-02-07,4589.0,0.0,0.0,0.7142857142857143,237,0,0,1
38,2021-02-08,3939.0,0.0,0.0,0.7142857142857143,186,0,0,0
39,2021-02-09,3292.0,0.0,0.0,0.8571428571428571,189,0,0,1
40,2021-02-10,2654.0,0.0,0.0,0.5714285714285714,157,0,0,-1
41,2021-02-11,2046.0,0.0,0.0,0.42857142857142855,201,0,0,0
42,2021-02-12,1635.0,0.0,0.0,1.1428571428571428,175,0,0,6
43,2021-02-13,1271.0,0.0,0.0,1.1428571428571428,126,0,0,1
44,2021-02-14,1200.0,0.0,0.0,0.7142857142857143,166,0,0,-2
45,2021-02-15,1157.0,0.0,0.0,0.5714285714285714,143,0,0,-1
46,2021-02-16,1040.0,0.0,0.0,0.42857142857142855,72,0,0,0
47,2021-02-17,1058.0,0.0,0.0,0.5714285714285714,175,0,0,0
48,2021-02-18,1007.0,0.0,0.0,0.14285714285714285,150,0,0,-3
49,2021-02-19,962.0,0.0,0.0,-0.8571428571428571,130,0,0,-1
50,2021-02-20,918.0,0.0,0.0,-1.2857142857142858,82,0,0,-2
51,2021-02-21,844.0,0.0,0.0,-1.2857142857142858,92,0,0,-2
52,2021-02-22,790.0,0.0,0.0,-1.4285714285714286,89,0,0,-2
53,2021-02-23,813.0,0.0,0.0,-1.5714285714285714,95,0,0,-1
54,2021-02-24,731.0,0.0,0.0,-1.7142857142857142,93,0,0,-1
55,2021-02-25,653.0,0.0,0.0,-2.0,72,0,0,-5
56,2021-02-26,568.0,0.0,0.0,-1.1428571428571428,45,0,0,5
57,2021-02-27,558.0,0.0,0.0,-1.1428571428571428,72,0,0,-2
58,2021-02-28,536.0,0.0,0.0,-1.4285714285714286,70,0,0,-4
59,2021-03-01,527.0,0.0,0.0,-1.5714285714285714,80,0,0,-3
60,2021-03-02,474.0,0.0,0.0,-1.7142857142857142,42,0,0,-2
61,2021-03-03,416.0,0.0,0.0,-1.7142857142857142,35,0,0,-1
62,2021-03-04,398.0,0.0,0.0,-1.4285714285714286,54,0,0,-3
63,2021-03-05,432.0,0.0,0.0,-2.4285714285714284,79,0,0,-2
64,2021-03-06,424.0,0.0,0.0,-2.5714285714285716,64,0,0,-3
65,2021-03-07,419.0,0.0,0.0,-2.4285714285714284,65,0,0,-3
66,2021-03-08,410.0,0.0,0.0,-2.2857142857142856,71,0,0,-2
67,2021-03-09,428.0,0.0,0.0,-2.2857142857142856,60,0,0,-2
68,2021-03-10,432.0,0.0,0.0,-2.4285714285714284,39,0,0,-2
69,2021-03-11,436.0,0.0,0.0,-2.4285714285714284,58,0,0,-3
70,2021-03-12,438.0,0.0,0.0,-2.4285714285714284,81,0,0,-2
71,2021-03-13,452.0,0.0,0.0,-2.2857142857142856,78,0,0,-2
72,2021-03-14,465.0,0.0,0.0,-2.2857142857142856,78,0,0,-3
73,2021-03-15,472.0,0.0,0.0,-2.2857142857142856,78,0,0,-2
74,2021-03-16,561.0,0.0,0.0,-2.2857142857142856,149,0,0,-2
75,2021-03-17,607.0,0.0,0.0,-2.142857142857143,85,0,0,-1
76,2021-03-18,641.0,0.0,0.0,-2.142857142857143,92,0,0,-3
77,2021-03-19,660.0,0.0,0.0,-2.142857142857143,100,0,0,-2
78,2021-03-20,701.0,0.0,0.0,-2.2857142857142856,119,0,0,-3
79,2021-03-21,713.0,0.0,0.0,-2.2857142857142856,90,0,0,-3
80,2021-03-22,708.0,0.0,0.0,-2.2857142857142856,73,0,0,-2
81,2021-03-23,644.0,0.0,0.0,-2.2857142857142856,85,0,0,-2
82,2021-03-24,628.0,0.0,5862.0,-2.4285714285714284,69,0,5862,-2
83,2021-03-25,633.0,0.0,15591.0,-2.5714285714285716,97,0,9729,-4
84,2021-03-26,667.0,0.0,29187.0,-2.5714285714285716,134,0,13596,-2
85,2021-03-27,628.0,0.0,46650.0,-2.7142857142857144,80,0,17463,-4
86,2021-03-28,615.0,0.0,67980.0,-3.0,77,0,21330,-5
87,2021-03-29,581.0,0.0,93177.0,-3.142857142857143,39,0,25197,-3
88,2021-03-30,544.0,0.0,122241.0,-3.142857142857143,48,0,29064,-2
89,2021-03-31,517.0,0.0,149614.0,-3.2857142857142856,42,0,33235,-3
90,2021-04-01,446.0,0.0,177292.0,-3.0,26,0,37407,-2
91,2021-04-02,370.0,0.0,205912.0,-3.0,58,0,42216,-2
92,2021-04-03,374.0,0.0,230839.0,-2.857142857142857,84,0,42390,-3
93,2021-04-04,393.0,0.0,253045.0,-2.4285714285714284,96,0,43536,-2
94,2021-04-05,548.0,0.0,274879.0,-2.2857142857142856,194,0,47031,-2
95,2021-04-06,750.0,0.0,295450.0,-1.2857142857142858,250,0,49635,5
96,2021-04-07,1042.0,0.0,317159.0,-1.0,334,0,54944,-1
97,2021-04-08,1421.0,0.0,340215.0,-0.7142857142857143,405,0,60463,0
98,2021-04-09,1922.0,0.0,365078.0,-0.2857142857142857,559,0,67079,1
99,2021-04-10,2627.0,0.0,392127.0,0.0,789,0,69439,-1
100,2021-04-11,3498.0,0.0,419852.0,0.2857142857142857,967,0,71261,0
101,2021-04-12,4289.0,0.0,446138.0,1.5714285714285714,985,0,73317,7
102,2021-04-13,5004.0,0.0,470064.0,2.4285714285714284,965,0,73561,11
103,2021-04-14,6005.0,0.0,489688.0,4.285714285714286,1335,0,74568,12
104,2021-04-15,7143.0,0.0,504801.0,5.857142857142857,1543,0,75576,11
105,2021-04-16,8169.0,3.0,519151.0,7.142857142857143,1585,3,81429,10
106,2021-04-17,8927.0,3.0,531527.0,8.142857142857142,1547,0,81815,6
107,2021-04-18,9727.0,4.0,542924.0,9.0,1767,1,82658,6
108,2021-04-19,10132.0,7.0,563992.0,8.857142857142858,1390,3,94385,6
109,2021-04-20,10610.0,11.0,598094.0,8.142857142857142,1443,4,107663,6
110,2021-04-21,10733.0,13.0,641749.0,7.428571428571429,1458,2,118223,7
111,2021-04-22,10660.0,20.0,696916.0,6.857142857142857,1470,7,130743,7
112,2021-04-23,11145.0,21.0,776483.0,6.714285714285714,2070,4,160996,9
113,2021-04-24,12437.0,29.0,869697.0,6.857142857142857,2839,8,175029,7
114,2021-04-25,13108.0,39.0,964501.0,7.0,2438,11,177462,7
115,2021-04-26,13766.0,44.0,1084760.0,7.285714285714286,2048,8,214644,8
116,2021-04-27,14503.0,55.0,1217850.0,7.857142857142857,2180,15,240753,10
117,2021-04-28,15056.0,68.0,1384552.0,8.142857142857142,2011,15,284925,9
118,2021-04-29,15457.0,71.0,1589667.0,8.571428571428571,1871,10,335858,10
119,2021-04-30,14970.0,82.0,1810519.0,8.714285714285714,1583,15,381848,10
120,2021-05-01,14022.0,95.0,2022193.0,9.571428571428571,1891,21,386703,13
121,2021-05-02,13524.0,105.0,2232178.0,10.0,1940,21,387447,10
122,2021-05-03,13517.0,128.0,2410080.0,10.571428571428571,2041,31,392546,12
123,2021-05-04,13100.0,140.0,2591838.0,11.142857142857142,1763,27,422511,14
124,2021-05-05,13201.0,140.0,2741027.0,11.142857142857142,2112,15,434114,9
125,2021-05-06,13241.0,148.0,2855693.0,11.285714285714286,1911,18,450524,11
126,2021-05-07,13702.0,160.0,2941630.0,11.428571428571429,2044,27,467785,11
127,2021-05-08,14230.0,158.0,3024981.0,10.857142857142858,2419,19,470054,9
128,2021-05-09,14391.0,154.0,3150988.0,10.714285714285714,2101,17,513454,9
129,2021-05-10,13980.0,145.0,3290904.0,10.571428571428571,1630,22,532462,11
130,2021-05-11,14136.0,149.0,3431945.0,9.857142857142858,1919,31,563552,9
131,2021-05-12,14007.0,168.0,3643064.0,9.857142857142858,1983,34,645233,9
132,2021-05-13,14375.0,182.0,3900840.0,9.714285714285714,2279,32,708300,10
133,2021-05-14,14587.0,185.0,4165790.0,9.714285714285714,2256,30,732735,11
134,2021-05-15,15263.0,183.0,4452906.0,9.571428571428571,3095,17,757170,8
135,2021-05-16,15464.0,190.0,4721058.0,9.428571428571429,2302,24,781606,8
136,2021-05-17,16388.0,193.0,5008557.0,9.0,2554,25,819961,8
137,2021-05-18,16942.0,197.0,5304877.0,8.857142857142858,2473,35,859872,8
138,2021-05-19,18353.0,192.0,5551889.0,8.714285714285714,3394,29,892245,8
139,2021-05-20,18710.0,185.0,5765414.0,8.142857142857142,2636,25,921825,6
140,2021-05-21,19935.0,187.0,5994835.0,7.714285714285714,3481,32,962156,8
141,2021-05-22,19892.0,194.0,6204424.0,7.285714285714286,3052,24,966759,5
142,2021-05-23,20972.0,187.0,6391917.0,7.0,3382,17,969099,6
143,2021-05-24,21131.0,192.0,6552146.0,6.571428571428571,2713,30,980190,5
144,2021-05-25,21884.0,183.0,6681892.0,6.285714285714286,3226,26,989618,6
145,2021-05-26,20945.0,195.0,6783808.0,7.0,2455,41,994161,13
146,2021-05-27,21632.0,217.0,6889729.0,6.857142857142857,3323,47,1027746,5
147,2021-05-28,21910.0,219.0,7015795.0,6.571428571428571,3759,34,1088222,6
148,2021-05-29,23661.0,229.0,7143559.0,6.285714285714286,4803,34,1094523,3
149,2021-05-30,24807.0,236.0,7285413.0,5.857142857142857,4528,24,1110953,3
150,2021-05-31,25233.0,225.0,7430591.0,5.571428571428571,3139,19,1125368,3
151,2021-06-01,24237.0,237.0,7603319.0,5.285714285714286,2230,38,1162346,4
152,2021-06-02,25222.0,234.0,7807246.0,4.0,3440,38,1198088,4
153,2021-06-03,25785.0,226.0,8013330.0,4.857142857142857,3886,39,1233830,11
154,2021-06-04,24656.0,223.0,8249376.0,5.0,2630,31,1324268,7
155,2021-06-05,22671.0,225.0,8500069.0,5.142857142857143,2818,36,1345216,4
156,2021-06-06,20814.0,224.0,8752169.0,5.142857142857143,2671,23,1363053,3
157,2021-06-07,20094.0,238.0,9017829.0,5.285714285714286,2419,33,1391028,4
158,2021-06-08,20526.0,229.0,9290180.0,5.428571428571429,2662,29,1434697,5
159,2021-06-09,19766.0,225.0,9569744.0,5.571428571428571,2680,34,1477652,5
160,2021-06-10,18190.0,229.0,9859528.0,4.714285714285714,2310,43,1523614,5
161,2021-06-11,17850.0,225.0,10148095.0,4.571428571428571,2290,27,1612835,6
162,2021-06-12,18309.0,218.0,10427335.0,4.571428571428571,3277,29,1624456,4
163,2021-06-13,18442.0,213.0,10720492.0,4.714285714285714,2804,18,1656210,4
164,2021-06-14,19378.0,197.0,11078585.0,4.714285714285714,3355,17,1749121,4
165,2021-06-15,19716.0,187.0,11476477.0,4.571428571428571,3000,19,1832589,4
166,2021-06-16,19367.0,193.0,11887853.0,4.428571428571429,2331,40,1889028,4
167,2021-06-17,20186.0,180.0,12331376.0,4.285714285714286,3129,30,1967137,4
168,2021-06-18,20954.0,175.0,12767505.0,4.142857142857143,3058,22,2048964,5
169,2021-06-19,21344.0,178.0,13244135.0,3.857142857142857,3667,32,2101086,2
170,2021-06-20,22222.0,180.0,13740943.0,3.7142857142857144,3682,20,2153018,3
171,2021-06-21,22042.0,192.0,14219670.0,3.5714285714285716,3175,29,2227848,3
172,2021-06-22,23101.0,208.0,14690895.0,3.4285714285714284,4059,35,2303814,3
173,2021-06-23,23944.0,219.0,15184763.0,3.4285714285714284,3174,51,2382896,4
174,2021-06-24,24923.0,220.0,15668696.0,3.4285714285714284,4108,31,2451070,4
175,2021-06-25,25509.0,242.0,16165902.0,3.4285714285714284,3644,44,2546170,5
176,2021-06-26,26003.0,261.0,16644131.0,3.5714285714285716,4161,51,2579315,3
177,2021-06-27,26316.0,283.0,17100774.0,3.5714285714285716,3995,42,2609661,3
178,2021-06-28,28547.0,276.0,17568320.0,3.857142857142857,5406,22,2695394,5
179,2021-06-29,29150.0,277.0,18027043.0,4.142857142857143,4662,36,2762537,5
180,2021-06-30,30762.0,279.0,18460991.0,4.142857142857143,4786,53,2816844,4
181,2021-07-01,32187.0,305.0,18872519.0,4.142857142857143,5533,57,2862598,4
182,2021-07-02,34630.0,322.0,19258523.0,4.142857142857143,6087,61,2932174,5
183,2021-07-03,36699.0,312.0,19628955.0,4.142857142857143,6230,41,2949747,3
184,2021-07-04,38620.0,314.0,19992388.0,4.285714285714286,5916,44,2973094,4
185,2021-07-05,39380.0,342.0,20333355.0,4.142857142857143,6166,50,3036361,4
186,2021-07-06,40138.0,363.0,20653564.0,4.285714285714286,5420,57,3082746,6
187,2021-07-07,41871.0,364.0,20962108.0,4.571428571428571,6519,54,3125388,6
188,2021-07-08,43396.0,382.0,21275351.0,4.857142857142857,7058,75,3175841,6
189,2021-07-09,46585.0,393.0,21588555.0,5.285714285714286,9276,72,3245378,8
190,2021-07-10,49681.0,443.0,21894398.0,5.857142857142857,9326,91,3255590,7
191,2021-07-11,53304.0,485.0,22189110.0,6.285714285714286,9539,86,3267806,7
192,2021-07-12,55794.0,515.0,22461993.0,6.714285714285714,8656,80,3309244,7
193,2021-07-13,59059.0,514.0,22721804.0,7.0,8685,56,3342557,8
194,2021-07-14,61857.0,547.0,22966793.0,7.428571428571429,9317,87,3370377,9
195,2021-07-15,63985.0,570.0,23189382.0,7.857142857142857,9186,98,3398430,9
196,2021-07-16,64401.0,565.0,23376915.0,8.142857142857142,9692,67,3432911,10
197,2021-07-17,65157.0,615.0,23564655.0,8.142857142857142,10082,141,3443330,7
198,2021-07-18,67015.0,630.0,23745346.0,8.142857142857142,11397,101,3448497,7
199,2021-07-19,70143.0,631.0,23915828.0,8.285714285714286,11784,81,3479726,8
200,2021-07-20,72763.0,655.0,24085812.0,8.571428571428571,11305,80,3512541,10
201,2021-07-21,76448.0,676.0,24261265.0,8.714285714285714,13002,108,3545830,10
202,2021-07-22,80917.0,665.0,24446594.0,9.0,13655,87,3583759,11
203,2021-07-23,85800.0,712.0,24646077.0,9.285714285714286,14575,114,3632394,12
204,2021-07-24,89978.0,690.0,24845746.0,10.0,14260,119,3642999,12
205,2021-07-25,93916.0,718.0,25050239.0,10.571428571428571,15335,129,3652990,11
206,2021-07-26,97508.0,724.0,25240258.0,11.571428571428571,15376,87,3669745,15
207,2021-07-27,100353.0,762.0,25440464.0,11.714285714285714,14150,118,3712747,11
208,2021-07-28,103884.0,787.0,25627393.0,13.0,16533,133,3732759,19
209,2021-07-29,107898.0,865.0,25829878.0,13.0,17669,165,3786244,11
210,2021-07-30,110668.0,868.0,26048937.0,13.142857142857142,17345,117,3851453,13
211,2021-07-31,115320.0,927.0,26288996.0,12.714285714285714,18912,178,3883058,9
212,2021-08-01,118012.0,931.0,26547445.0,12.428571428571429,18027,133,3911439,9
213,2021-08-02,120606.0,1022.0,26869048.0,11.714285714285714,17970,178,3991348,10
214,2021-08-03,125357.0,1051.0,27242012.0,11.714285714285714,18901,147,4085711,11
215,2021-08-04,129024.0,1106.0,27687955.0,10.571428571428571,20200,188,4178702,11
216,2021-08-05,132275.0,1101.0,28178782.0,10.714285714285714,20920,160,4277071,12
217,2021-08-06,136309.0,1175.0,28734052.0,10.714285714285714,21379,191,4406723,13
218,2021-08-07,139235.0,1209.0,29289162.0,10.857142857142858,21838,212,4438168,10
219,2021-08-08,141191.0,1214.0,29839584.0,10.857142857142858,19983,138,4461861,9
220,2021-08-09,142824.0,1185.0,30414581.0,10.857142857142858,19603,149,4566345,10
221,2021-08-10,143766.0,1273.0,31020900.0,10.857142857142858,19843,235,4692030,11
222,2021-08-11,144604.0,1292.0,31668839.0,10.857142857142858,21038,207,4826641,11
223,2021-08-12,146466.0,1279.0,32246768.0,11.714285714285714,22782,147,4855000,18
224,2021-08-13,148505.0,1272.0,32873613.0,11.857142857142858,23418,184,5033568,14
225,2021-08-14,148753.0,1277.0,33506967.0,12.0,22086,217,5071522,11
226,2021-08-15,150652.0,1348.0,34154582.0,12.142857142857142,21882,209,5109476,10
227,2021-08-16,152206.0,1381.0,34816394.0,12.285714285714286,21157,182,5228157,11
228,2021-08-17,152491.0,1385.0,35506040.0,12.285714285714286,20128,239,5381676,11
229,2021-08-18,151968.0,1490.0,36183281.0,12.285714285714286,20515,312,5503882,11
230,2021-08-19,150088.0,1644.0,37033481.0,11.285714285714286,20902,301,5705200,11
231,2021-08-20,146521.0,1700.0,37920527.0,11.142857142857142,19851,240,5920614,13
232,2021-08-21,145006.0,1744.0,38866825.0,10.857142857142858,20571,261,6017820,9
233,2021-08-22,142138.0,1768.0,39822352.0,10.714285714285714,19014,233,6065003,9
234,2021-08-23,138472.0,1828.0,40824706.0,10.571428571428571,17491,242,6230511,10
235,2021-08-24,135509.0,1815.0,41848567.0,10.428571428571429,17165,226,6405537,10
236,2021-08-25,133411.0,1800.0,42941470.0,10.428571428571429,18417,297,6596785,11
237,2021-08-26,131010.0,1728.0,44096354.0,10.428571428571429,18501,229,6860084,11
238,2021-08-27,129861.0,1761.0,45397108.0,10.428571428571429,18702,273,7221368,13
239,2021-08-28,127274.0,1792.0,46667173.0,10.571428571428571,17984,292,7287885,10
240,2021-08-29,124796.0,1823.0,47952518.0,10.571428571428571,16536,264,7350348,9
241,2021-08-30,123277.0,1837.0,49502980.0,10.571428571428571,15972,256,7780973,10
242,2021-08-31,120778.0,1801.0,51094304.0,10.571428571428571,14666,190,7996861,10
243,2021-09-01,117163.0,1756.0,52710269.0,10.285714285714286,14802,252,8212750,9
244,2021-09-02,113618.0,1789.0,54534880.0,10.0,14956,262,8684695,9
245,2021-09-03,109569.0,1787.0,56466311.0,9.571428571428571,14653,271,9152799,10
246,2021-09-04,107527.0,1752.0,58877268.0,9.142857142857142,15942,257,9698842,7
247,2021-09-05,106443.0,1712.0,61406291.0,8.714285714285714,15452,224,9879371,6
248,2021-09-06,104459.0,1643.0,63699930.0,8.285714285714286,13988,187,10074612,7
249,2021-09-07,103614.0,1694.0,66178394.0,8.0,13821,241,10475325,8
250,2021-09-08,102988.0,1670.0,68865645.0,8.0,14176,228,10900001,9
251,2021-09-09,104063.0,1628.0,71453543.0,8.0,16031,220,11272593,9
252,2021-09-10,103813.0,1546.0,73931740.0,8.0,14403,189,11630996,10
253,2021-09-11,103062.0,1542.0,76296541.0,7.857142857142857,15191,253,12063643,6
254,2021-09-12,101639.0,1498.0,78668181.0,7.857142857142857,14029,180,12251011,6
255,2021-09-13,100234.0,1443.0,80951150.0,7.857142857142857,12583,132,12357581,7
256,2021-09-14,98199.0,1338.0,83271532.0,7.857142857142857,11786,136,12795707,8
257,2021-09-15,97821.0,1254.0,85631987.0,7.714285714285714,13798,144,13260456,8
258,2021-09-16,95687.0,1222.0,88132578.0,7.714285714285714,13897,188,13773184,9
259,2021-09-17,95839.0,1204.0,90787577.0,7.571428571428571,14555,171,14285995,9
260,2021-09-18,94757.0,1073.0,93381615.0,7.428571428571429,14109,122,14657681,5
261,2021-09-19,94304.0,1010.0,96101921.0,7.428571428571429,13576,117,14971317,6
262,2021-09-20,94430.0,984.0,98862355.0,7.428571428571429,12709,106,15118015,7
263,2021-09-21,93563.0,991.0,101454719.0,7.285714285714286,10919,143,15388071,7
264,2021-09-22,91017.0,988.0,104093421.0,7.285714285714286,11252,141,15899158,8
265,2021-09-23,90376.0,931.0,106624248.0,7.0,13256,131,16304011,7
266,2021-09-24,88518.0,892.0,109047117.0,7.285714285714286,12697,132,16708864,11
267,2021-09-25,86384.0,897.0,111503153.0,7.571428571428571,11975,127,17113717,7
268,2021-09-26,85161.0,905.0,114050407.0,7.571428571428571,12353,125,17518571,6
269,2021-09-27,82740.0,900.0,116855816.0,7.428571428571429,10288,101,17923424,6
270,2021-09-28,81310.0,886.0,119796022.0,7.285714285714286,9489,129,18328277,6
271,2021-09-29,80472.0,867.0,122629995.0,7.0,10414,122,18733131,6
272,2021-09-30,78862.0,843.0,125463968.0,6.857142857142857,11646,107,19137984,6
273,2021-10-01,77919.0,834.0,128297941.0,6.0,11754,123,19542837,5
274,2021-10-02,77319.0,794.0,131131915.0,5.285714285714286,11375,87,19947691,2
275,2021-10-03,75794.0,746.0,133965888.0,4.571428571428571,10828,77,20352544,1
276,2021-10-04,75436.0,742.0,136799861.0,4.142857142857143,9930,97,20757397,3
277,2021-10-05,75816.0,705.0,139633835.0,3.7142857142857144,9869,92,21162251,3
278,2021-10-06,75268.0,685.0,142496620.0,3.5714285714285716,9866,102,21595916,5
279,2021-10-07,74822.0,691.0,145364358.0,3.4285714285714284,11200,113,22005722,5
280,2021-10-08,74208.0,684.0,148281734.0,3.4285714285714284,11140,116,22460213,5
281,2021-10-09,73463.0,670.0,151283299.0,3.4285714285714284,10630,73,22949256,2
282,2021-10-10,73452.0,677.0,153986310.0,3.4285714285714284,10817,84,23055555,1
283,2021-10-11,73557.0,640.0,156629905.0,3.5714285714285716,10035,60,23400992,4
284,2021-10-12,73133.0,632.0,159264151.0,3.7142857142857144,9445,84,23796497,4
285,2021-10-13,73331.0,612.0,161950921.0,4.428571428571429,10064,82,24282686,10
286,2021-10-14,73407.0,611.0,164447726.0,4.428571428571429,11276,112,24502527,5
287,2021-10-15,72753.0,589.0,166999893.0,4.571428571428571,10486,94,25012380,6
288,2021-10-16,72771.0,598.0,169338180.0,4.714285714285714,10648,82,25287543,3
289,2021-10-17,72817.0,582.0,172107826.0,5.142857142857143,10863,68,25825201,4
290,2021-10-18,72893.0,585.0,174749407.0,5.142857142857143,10111,63,26042573,4
291,2021-10-19,72570.0,572.0,177427432.0,5.142857142857143,9122,71,26474522,4
292,2021-10-20,71424.0,569.0,180104531.0,4.142857142857143,8918,79,26959785,3
293,2021-10-21,69875.0,530.0,183007804.0,4.0,9727,73,27405800,4
294,2021-10-22,69199.0,502.0,185769604.0,4.142857142857143,9810,66,27774180,7
295,2021-10-23,68293.0,494.0,188588105.0,4.142857142857143,9742,74,28106044,3
296,2021-10-24,66781.0,482.0,191039069.0,3.5714285714285716,9351,56,28276165,0
297,2021-10-25,65345.0,463.0,193369027.0,3.4285714285714284,8675,44,28372531,3
298,2021-10-26,63929.0,458.0,195608409.0,3.2857142857142856,7706,66,28713904,3
299,2021-10-27,63463.0,436.0,197764275.0,3.2857142857142856,8452,57,29115651,3
300,2021-10-28,63394.0,447.0,199827962.0,3.2857142857142856,9658,84,29469487,4
301,2021-10-29,62552.0,445.0,201935766.0,2.857142857142857,8968,64,29881984,4
302,2021-10-30,62034.0,459.0,204239051.0,2.5714285714285716,9224,88,30409329,1
303,2021-10-31,61542.0,450.0,206706285.0,2.5714285714285716,8859,47,30743399,0
304,2021-11-01,61032.0,461.0,209244973.0,2.2857142857142856,8165,55,30911219,1
305,2021-11-02,60900.0,473.0,211775656.0,2.0,7574,78,31244587,1
306,2021-11-03,60127.0,472.0,214390370.0,1.7142857142857142,7679,56,31730365,1
307,2021-11-04,58449.0,456.0,217144350.0,1.4285714285714286,7980,68,32223467,2
308,2021-11-05,57631.0,472.0,219988387.0,1.1428571428571428,8150,80,32726021,2
309,2021-11-06,56874.0,453.0,222842795.0,1.0,8467,69,33263737,0
310,2021-11-07,55975.0,459.0,225818676.0,0.7142857142857143,7960,53,33719280,-2
311,2021-11-08,55402.0,443.0,228819994.0,0.7142857142857143,7592,39,33912537,1
312,2021-11-09,54732.0,426.0,231815762.0,0.7142857142857143,6904,61,34240355,1
313,2021-11-10,54031.0,432.0,234846227.0,0.7142857142857143,6978,62,34760830,1
314,2021-11-11,53547.0,421.0,237899868.0,0.7142857142857143,7496,57,35277108,2
315,2021-11-12,52702.0,392.0,240974521.0,0.8571428571428571,7305,51,35800674,3
316,2021-11-13,51292.0,378.0,243992688.0,0.8571428571428571,7057,55,36281904,0
317,2021-11-14,50411.0,372.0,246777549.0,0.8571428571428571,7079,47,36504141,-2
318,2021-11-15,49162.0,378.0,249720744.0,0.7142857142857143,6343,45,36855732,0
319,2021-11-16,48205.0,379.0,252594935.0,0.7142857142857143,5947,62,37114546,1
320,2021-11-17,47751.0,373.0,255361400.0,0.7142857142857143,6524,56,37527295,1
321,2021-11-18,47156.0,371.0,258023914.0,0.5714285714285714,6901,55,37939622,1
322,2021-11-19,46706.0,371.0,260611303.0,0.0,6855,51,38388063,-1
323,2021-11-20,46244.0,369.0,263165903.0,-0.14285714285714285,6595,53,38836504,-1
324,2021-11-21,46171.0,351.0,265763402.0,0.0,7006,29,39101640,-1
325,2021-11-22,46256.0,355.0,268110386.0,0.14285714285714285,6428,49,39202716,1
326,2021-11-23,45435.0,346.0,270399609.0,0.14285714285714285,5126,53,39403769,1
327,2021-11-24,44768.0,345.0,272596584.0,0.14285714285714285,5857,55,39724270,1
328,2021-11-25,44202.0,327.0,274713034.0,0.14285714285714285,6335,37,40056072,1
329,2021-11-26,43906.0,340.0,276527716.0,0.42857142857142855,6559,64,40202745,1
330,2021-11-27,43384.0,319.0,278428685.0,0.2857142857142857,6073,32,40737473,-2
331,2021-11-28,42232.0,320.0,280290930.0,-0.14285714285714285,5854,30,40963885,-4
332,2021-11-29,40557.0,298.0,282141858.0,-0.2857142857142857,4753,27,41053644,0
333,2021-11-30,39737.0,282.0,284330766.0,-0.42857142857142855,4306,37,41592677,0
334,2021-12-01,38766.0,270.0,286738206.0,-0.5714285714285714,4886,43,42131710,0
335,2021-12-02,37402.0,266.0,289053032.0,-0.7142857142857143,4971,33,42370898,0
336,2021-12-03,35755.0,235.0,291500205.0,-0.7142857142857143,4912,33,42649918,1
337,2021-12-04,35578.0,240.0,293462985.0,-0.7142857142857143,5896,37,42700253,-2
338,2021-12-05,34428.0,237.0,295232211.0,-0.5714285714285714,4704,27,42733111,-3
339,2021-12-06,33675.0,232.0,296945525.0,0.14285714285714285,4000,22,42766958,5
340,2021-12-07,32894.0,226.0,298319701.0,0.0,3525,31,42966853,-1
341,2021-12-08,31626.0,221.0,299330146.0,0.0,3618,38,43142155,0
342,2021-12-09,30858.0,237.0,300340527.0,-0.14285714285714285,4203,49,43381279,-1
343,2021-12-10,30139.0,232.0,301247188.0,0.42857142857142855,4193,28,43556579,5
344,2021-12-11,28322.0,234.0,302139733.0,0.5714285714285714,4079,39,43592798,-1
345,2021-12-12,27405.0,227.0,303029265.0,0.5714285714285714,3787,20,43622643,-3
346,2021-12-13,26803.0,228.0,304077028.0,-0.2857142857142857,3398,23,43814721,-1
347,2021-12-14,26140.0,234.0,305082468.0,-0.2857142857142857,2862,37,43972293,-1
348,2021-12-15,25892.0,225.0,306092936.0,-0.42857142857142855,3370,29,44152623,-1
349,2021-12-16,25373.0,202.0,307031410.0,-0.2857142857142857,3684,26,44319753,0
350,2021-12-17,24717.0,215.0,308021273.0,-1.0,3537,41,44546442,0
351,2021-12-18,23770.0,204.0,309029827.0,-1.1428571428571428,3132,28,44601352,-2
352,2021-12-19,22882.0,206.0,310035927.0,-1.0,2899,22,44628743,-2
353,2021-12-20,22009.0,214.0,311000822.0,-1.0,2525,31,44779616,-1
354,2021-12-21,21623.0,209.0,311960057.0,-1.0,2476,32,44931528,-1
355,2021-12-22,20785.0,211.0,312916605.0,-1.0,2532,31,45109171,-1
356,2021-12-23,20041.0,215.0,313899330.0,-1.1428571428571428,2940,30,45302478,-1
357,2021-12-24,19175.0,201.0,314904991.0,-1.2857142857142858,2671,27,45552103,-1
358,2021-12-25,18809.0,203.0,315902925.0,-1.4285714285714286,2766,30,45599286,-3
359,2021-12-26,18442.0,203.0,316900957.0,-1.5714285714285714,2532,22,45626775,-3
360,2021-12-27,18354.0,190.0,317962252.0,-1.5714285714285714,2437,18,45840911,-1
361,2021-12-28,18183.0,190.0,319066207.0,-1.5714285714285714,2305,32,46035483,-1
362,2021-12-29,18226.0,176.0,320166625.0,-1.5714285714285714,2575,17,46209589,-1
363,2021-12-30,18323.0,171.0,321181214.0,-1.5714285714285714,3037,25,46317067,-1
364,2021-12-31,18763.0,170.0,321948315.0,-1.0,3111,26,46319204,3
365,2022-01-01,19008.0,150.0,322669735.0,-0.5714285714285714,3011,10,46320706,0
366,2022-01-02,19588.0,140.0,323365280.0,-0.5714285714285714,3112,12,46322320,-3
367,2022-01-03,20078.0,140.0,323854448.0,0.2857142857142857,2927,18,46330079,5
368,2022-01-04,20864.0,120.0,324264528.0,0.7142857142857143,3091,12,46445563,2
369,2022-01-05,22188.0,122.0,324663722.0,1.2857142857142858,3899,19,46608783,3
370,2022-01-06,24926.0,108.0,325128812.0,1.8571428571428572,5775,11,46782157,3
371,2022-01-07,29341.0,101.0,325791176.0,2.0,7526,19,46981568,4
372,2022-01-08,34593.0,105.0,326478193.0,2.142857142857143,8263,14,47007723,1
373,2022-01-09,39992.0,105.0,327177662.0,2.7142857142857144,8511,12,47021789,1
374,2022-01-10,44991.0,100.0,328002984.0,2.4285714285714284,7926,13,47155401,3
375,2022-01-11,49033.0,100.0,328823752.0,2.5714285714285716,7133,12,47266331,3
376,2022-01-12,52793.0,100.0,329601228.0,2.7142857142857144,7659,19,47386259,4
377,2022-01-13,55176.0,103.0,330330380.0,2.857142857142857,8158,14,47511309,4
378,2022-01-14,55443.0,99.0,331033383.0,3.0,7793,15,47684571,5
379,2022-01-15,55257.0,103.0,331729425.0,3.142857142857143,8077,18,47703765,2
380,2022-01-16,53675.0,100.0,332422043.0,3.2857142857142856,6929,9,47714407,2
381,2022-01-17,52146.0,100.0,333074223.0,3.4285714285714284,6397,13,47807581,4
382,2022-01-18,52135.0,106.0,333711112.0,3.5714285714285716,7122,18,47903220,4
383,2022-01-19,52605.0,99.0,334328668.0,3.5714285714285716,8129,12,48003815,4
384,2022-01-20,53087.0,104.0,334923322.0,3.5714285714285716,8640,19,48105963,4
385,2022-01-21,53406.0,102.0,335479898.0,3.7142857142857144,8112,13,48241147,6
386,2022-01-22,53015.0,103.0,336031235.0,3.857142857142857,7686,19,48255102,3
387,2022-01-23,53225.0,107.0,336579370.0,3.857142857142857,7139,13,48262542,2
388,2022-01-24,53546.0,107.0,337103243.0,3.7142857142857144,6718,13,48331454,3
389,2022-01-25,54011.0,101.0,337601956.0,3.5714285714285716,7587,12,48401933,3
390,2022-01-26,53960.0,108.0,338064738.0,3.4285714285714284,8078,19,48466597,3
391,2022-01-27,53770.0,111.0,338504714.0,3.4285714285714284,8450,22,48545939,4
392,2022-01-28,54276.0,126.0,338916979.0,3.142857142857143,8618,28,48653412,4
393,2022-01-29,55034.0,126.0,339323458.0,3.0,8444,19,48661581,2
394,2022-01-30,55903.0,125.0,339727013.0,2.857142857142857,8008,12,48666097,1
395,2022-01-31,56607.0,140.0,340106308.0,2.7142857142857144,7422,28,48710749,2
396,2022-02-01,57607.0,150.0,340450192.0,2.4285714285714284,8587,22,48745817,1
397,2022-02-02,58701.0,152.0,340777162.0,2.142857142857143,9172,21,48793567,1
398,2022-02-03,60160.0,152.0,341078606.0,1.7142857142857142,9909,22,48847383,1
399,2022-02-04,62032.0,145.0,341349284.0,1.5714285714285714,10490,21,48924090,3
400,2022-02-05,64467.0,146.0,341620010.0,1.2857142857142858,10879,20,48932307,0
401,2022-02-06,66929.0,146.0,341890130.0,1.0,10470,12,48936217,-1
402,2022-02-07,69905.0,135.0,342161274.0,0.8571428571428571,10398,17,48981893,1
403,2022-02-08,74500.0,137.0,342443607.0,0.8571428571428571,13182,24,49028150,1
404,2022-02-09,80150.0,136.0,342723966.0,1.0,14822,20,49073926,2
405,2022-02-10,85483.0,137.0,342997692.0,1.1428571428571428,15242,23,49121109,2
406,2022-02-11,91323.0,141.0,343267641.0,1.1428571428571428,16330,25,49194039,3
407,2022-02-12,96326.0,145.0,343538006.0,1.2857142857142858,15882,24,49202672,1
408,2022-02-13,100756.0,159.0,343809066.0,1.4285714285714286,14900,26,49207277,0
409,2022-02-14,104731.0,169.0,344074886.0,1.4285714285714286,14373,27,49247713,1
410,2022-02-15,108011.0,172.0,344330996.0,1.5714285714285714,16462,27,49284260,2
411,2022-02-16,110538.0,174.0,344549638.0,2.7142857142857144,17349,22,49292568,10
412,2022-02-17,113362.0,178.0,344772245.0,2.857142857142857,18066,27,49343716,3
413,2022-02-18,115917.0,182.0,344995416.0,2.857142857142857,18885,29,49417210,3
414,2022-02-19,118988.0,188.0,345219491.0,3.0,18953,30,49426747,2
415,2022-02-20,122971.0,194.0,345444452.0,3.2857142857142856,18883,32,49432238,2
416,2022-02-21,126961.0,202.0,345662483.0,3.5714285714285716,18363,35,49465744,3
417,2022-02-22,131731.0,214.0,345885241.0,3.7142857142857144,21232,39,49507018,3
418,2022-02-23,137939.0,230.0,346141993.0,2.857142857142857,23557,38,49549320,4
419,2022-02-24,144805.0,244.0,346389225.0,3.0,24932,41,49590948,4
420,2022-02-25,151535.0,255.0,346620694.0,3.4285714285714284,25615,40,49648679,6
421,2022-02-26,157301.0,267.0,346851244.0,3.7142857142857144,24719,42,49657297,4
422,2022-02-27,160729.0,277.0,347080817.0,3.857142857142857,22311,42,49661811,3
423,2022-02-28,164558.0,242.0,347300295.0,4.0,22192,0,49685222,4
424,2022-03-01,165890.0,291.0,347495683.0,4.285714285714286,22564,88,49702406,5
425,2022-03-02,165951.0,302.0,347668403.0,4.428571428571429,23618,49,49722040,5
426,2022-03-03,164853.0,315.0,347819094.0,4.714285714285714,23834,54,49741639,6
427,2022-03-04,162056.0,327.0,347943848.0,5.0,22818,52,49773433,8
428,2022-03-05,159218.0,344.0,348065454.0,5.285714285714286,21881,59,49778903,6
429,2022-03-06,158069.0,367.0,348185642.0,5.571428571428571,21162,65,49781999,5
430,2022-03-07,154820.0,436.0,348297788.0,6.142857142857143,18943,69,49797368,8
431,2022-03-08,154329.0,417.0,348409415.0,6.714285714285714,22073,69,49814033,9
432,2022-03-09,153695.0,442.0,348519764.0,7.285714285714286,22984,74,49832389,9
433,2022-03-10,154653.0,451.0,348632274.0,7.857142857142857,24792,63,49854149,10
434,2022-03-11,156427.0,467.0,348748122.0,8.428571428571429,24592,68,49889281,12
435,2022-03-12,158075.0,474.0,348864435.0,8.857142857142858,23529,66,49895216,9
436,2022-03-13,160550.0,478.0,348980913.0,9.428571428571429,23637,69,49898477,9
437,2022-03-14,161349.0,479.0,349096654.0,9.857142857142858,19742,70,49913109,11
438,2022-03-15,163221.0,480.0,349213091.0,10.142857142857142,23945,70,49930470,11
439,2022-03-16,165693.0,483.0,349328013.0,10.571428571428571,25456,77,49947311,12
440,2022-03-17,167972.0,500.0,349442709.0,10.857142857142858,27071,80,49968845,12
441,2022-03-18,169184.0,519.0,349557250.0,11.142857142857142,25804,87,50003822,14
442,2022-03-19,170651.0,537.0,349672331.0,11.285714285714286,24996,84,50010297,10
443,2022-03-20,170455.0,556.0,349787215.0,11.285714285714286,23441,88,50013361,9
444,2022-03-21,172095.0,569.0,349903472.0,11.428571428571429,21382,83,50029366,12
445,2022-03-22,173314.0,579.0,350021056.0,11.571428571428571,25164,80,50048054,12
446,2022-03-23,173280.0,584.0,350140581.0,11.571428571428571,25422,82,50066836,12
447,2022-03-24,173233.0,586.0,350263949.0,11.571428571428571,27024,82,50092213,12
448,2022-03-25,172851.0,583.0,350389214.0,11.428571428571429,25422,84,50129087,13
449,2022-03-26,173676.0,583.0,350513712.0,11.285714285714286,25821,84,50134795,9
450,2022-03-27,174870.0,576.0,350638259.0,11.142857142857142,24635,81,50137908,8
451,2022-03-28,175166.0,571.0,350762702.0,11.0,21678,78,50153809,11
452,2022-03-29,175391.0,578.0,350885907.0,11.0,25389,87,50171259,12
453,2022-03-30,177529.0,581.0,351014316.0,10.857142857142858,27560,85,50195245,11
454,2022-03-31,178884.0,591.0,351144070.0,10.714285714285714,28379,92,50221967,11
455,2022-04-01,181491.0,603.0,351271331.0,10.571428571428571,28029,96,50256348,12
456,2022-04-02,182510.0,616.0,351399631.0,10.714285714285714,26840,97,50263095,10
457,2022-04-03,182767.0,632.0,351530284.0,10.857142857142858,24892,97,50268561,9
458,2022-04-04,182177.0,645.0,351670033.0,10.857142857142858,21088,91,50293558,11
459,2022-04-05,181803.0,652.0,351820817.0,10.571428571428571,25015,94,50322043,10
460,2022-04-06,179006.0,663.0,351957639.0,11.142857142857142,24763,96,50332067,15
461,2022-04-07,174266.0,668.0,352112237.0,11.142857142857142,23639,97,50376565,11
462,2022-04-08,169876.0,671.0,352305149.0,11.142857142857142,23639,99,50449260,12
463,2022-04-09,168175.0,682.0,352501835.0,10.857142857142858,25139,108,50459781,8
464,2022-04-10,165670.0,690.0,352697307.0,10.571428571428571,22387,105,50464033,7
465,2022-04-11,164564.0,700.0,352901997.0,10.571428571428571,19982,101,50498248,11
466,2022-04-12,160320.0,727.0,353104790.0,10.714285714285714,20771,121,50524836,11
467,2022-04-13,155929.0,755.0,353298760.0,10.857142857142858,20372,124,50526037,16
468,2022-04-14,152579.0,777.0,353449240.0,11.857142857142858,20289,119,50527045,18
469,2022-04-15,147832.0,803.0,353528246.0,12.857142857142858,18892,125,50528266,19
470,2022-04-16,140468.0,823.0,353598532.0,13.428571428571429,17775,128,50530067,12
471,2022-04-17,135075.0,842.0,353667428.0,13.571428571428571,16994,124,50532929,8
472,2022-04-18,131984.0,870.0,353751832.0,13.714285714285714,16891,129,50582652,12
473,2022-04-19,131668.0,877.0,353856689.0,13.714285714285714,20455,128,50629693,11
474,2022-04-20,133227.0,882.0,354008371.0,13.0,21931,129,50677719,11
475,2022-04-21,134746.0,891.0,354230043.0,12.142857142857142,21808,128,50748717,12
476,2022-04-22,135906.0,895.0,354559027.0,11.285714285714286,20052,129,50857250,13
477,2022-04-23,135915.0,893.0,354906016.0,10.857142857142858,17784,126,50877056,9
478,2022-04-24,133915.0,893.0,355260686.0,10.857142857142858,14994,124,50887599,8
479,2022-04-25,130840.0,884.0,355609534.0,10.571428571428571,13816,120,50931500,10
480,2022-04-26,125272.0,881.0,355956052.0,10.428571428571429,14887,125,50976211,10
481,2022-04-27,117778.0,879.0,356303214.0,10.285714285714286,14437,127,51024881,10
482,2022-04-28,112912.0,876.0,356647431.0,10.0,16942,125,51092934,10
483,2022-04-29,119801.0,872.0,356976956.0,9.714285714285714,26941,125,51186775,11
484,2022-04-30,113552.0,871.0,357300228.0,9.285714285714286,11535,125,51200328,6
485,2022-05-01,115500.0,872.0,357620866.0,9.142857142857142,16942,125,51208237,7
486,2022-05-02,120736.0,877.0,357923121.0,7.714285714285714,19052,125,51233755,0
487,2022-05-03,115137.0,877.0,358215393.0,6.285714285714286,9288,125,51268483,0
